{
  "episodes": 32,
  "years": [
    1983,
    1984,
    1985,
    1986,
    1988,
    1989,
    1990,
    1991,
    1992,
    1993,
    1995,
    1996,
    1997,
    1998,
    1999,
    2000,
    2002,
    2003,
    2004,
    2005,
    2006,
    2007,
    2009,
    2010,
    2011,
    2012,
    2013,
    2014,
    2016,
    2017,
    2018,
    2019
  ],
  "reward_name": "nue_paper",
  "mean_total_reward": -5.920853126862447,
  "std_total_reward": 1.8093352963234086,
  "coef_variation_total_reward": 0.3055869242574198,
  "band_lo": 0.5,
  "band_hi": 1.0,
  "nsurp_lo": 0.0,
  "nsurp_hi": 40.0,
  "band_hit_rate": 0.5,
  "Napplied_mean": 192.1875,
  "Napplied_std": 10.075321174741456,
  "Napps_mean": 4.0,
  "Napps_std": 0.0,
  "converged": true,
  "criteria": {
    "band_hit_min": 0.5,
    "cv_max": 0.5
  }
}